t,y_numerical,y_analytical,error
0,1,1,0
0.005,1,0.9999999791927083,0.00000002080729166742401
0.01,0.9999999375001302,0.99999983375,0.00000010375013015373469
0.015,0.9999996878147128,0.999999439609375,0.0000002482053378383142
0.02,0.9999991268861861,0.999998673333333,0.0000004535528530524857
0.025,0.9999981312850881,0.9999974121093738,0.0000007191757143143462
0.030000000000000002,0.9999965782100412,0.9999955337499957,0.0000010444600454517783
0.035,0.9999943454877359,0.9999929166926956,0.000001428795040281372
0.04,0.9999913115729147,0.9999894399999676,0.000001871572947065303
0.045,0.9999873555483549,0.9999849833593013,0.0000023721890536343437
0.049999999999999996,0.9999823571248524,0.9999794270831793,0.000002930041673065986
0.05499999999999999,0.999976196641203,0.999972652109075,0.0000035445321279192754
0.05999999999999999,0.9999687550641849,0.9999645399994488,0.000004215064736134977
0.06499999999999999,0.99995991398854,0.9999549729417436,0.000004941046796380633
0.06999999999999999,0.9999495556369538,0.9999438337483804,0.000005721888573395617
0.075,0.9999375628600354,0.9999310058567514,0.000006557003284002327
0.08,0.9999238191362962,0.999916373329214,0.000007445807082229194
0.085,0.9999082085721278,0.9998998208530818,0.000008387719045988007
0.09000000000000001,0.9998906159017786,0.9998812337406168,0.000009382161161863856
0.09500000000000001,0.9998709264873297,0.9998604979290171,0.000010428558312569614
0.10000000000000002,0.9998490263186692,0.9998374999804067,0.000011526338262513036
0.10500000000000002,0.999824802013466,0.9998121270818228,0.00001267493164325284
0.11000000000000003,0.9997981408171411,0.9997842670452,0.000013873771941175228
0.11500000000000003,0.9997689306028389,0.9997538083073554,0.000015122295483505077
0.12000000000000004,0.9997370598713958,0.9997206399299716,0.000016419941424206108
0.12500000000000003,0.9997024177513082,0.9996846515995761,0.0000177661517321015
0.13000000000000003,0.9996648939986983,0.9996457336275222,0.000019160371176107915
0.13500000000000004,0.9996243789972787,0.9996037769499654,0.00002060204731335613
0.14000000000000004,0.9995807637583151,0.9995586731278396,0.000022090630475424256
0.14500000000000005,0.9995339399205867,0.9995103143468311,0.000023625573755570173
0.15000000000000005,0.9994837997503457,0.9994585934173497,0.000025206332996074998
0.15500000000000005,0.9994302361412742,0.9994034037744984,0.00002683236677580858
0.16000000000000006,0.9993731426144391,0.9993446394780421,0.000028503136397017848
0.16500000000000006,0.999312413318245,0.9992821952123723,0.000030218105872781287
0.17000000000000007,0.9992479430283856,0.9992159662864701,0.000031976741915462625
0.17500000000000007,0.9991796271477915,0.9991458486338685,0.00003377851392305509
0.18000000000000008,0.9991073617065772,0.9990717388126089,0.000035622893968301206
0.18500000000000008,0.9990310433619849,0.9989935340051992,0.00003750935678570322
0.19000000000000009,0.9989505693983262,0.9989111320185666,0.000039437379759532654
0.1950000000000001,0.9988658377269208,0.9988244312840089,0.00004140644291195095
0.2000000000000001,0.9987767468860341,0.9987333308571424,0.000043416028891685166
0.2050000000000001,0.9986831960408101,0.9986377304178489,0.000045465622961260443
0.2100000000000001,0.9985850849832036,0.9985375302702175,0.000047554712986119796
0.2150000000000001,0.9984823141319084,0.9984326313424857,0.00004968278942263371
0.2200000000000001,0.9983747845322831,0.9983229351869767,0.00005184934530644281
0.22500000000000012,0.9982623978562747,0.9982083439800329,0.00005405387624179969
0.23000000000000012,0.9981450564023381,0.9980887605219486,0.000056295880389467534
0.23500000000000013,0.9980226630953533,0.9979640882368976,0.00005857485845561783
0.24000000000000013,0.9978951214865397,0.9978342311728589,0.00006089031368083919
0.24500000000000013,0.9977623357533671,0.9976990940015378,0.0000632417518293682
0.2500000000000001,0.9976242106994635,0.9975585820182863,0.00006562868117720999
0.2550000000000001,0.9974806517545194,0.9974126011420172,0.00006805061250214628
0.2600000000000001,0.9973315649741896,0.9972610579151173,0.00007050705907230004
0.2650000000000001,0.9971768570399913,0.9971038595033552,0.00007299753663603248
0.27000000000000013,0.9970164352591979,0.9969409136957874,0.00007552156341050775
0.27500000000000013,0.9968502075647314,0.9967721289046596,0.00007807866007181197
0.28000000000000014,0.996678082515049,0.9965974141653051,0.00008066834974385095
0.28500000000000014,0.9964999692940276,0.9964166791360389,0.00008329015798869133
0.29000000000000015,0.9963157777108445,0.996229834098049,0.00008594361279545826
0.29500000000000015,0.9961254181998537,0.9960367899552829,0.00008862824457078755
0.30000000000000016,0.9959288018204595,0.9958374582343317,0.00009134358612783444
0.30500000000000016,0.9957258402569853,0.995631751084308,0.00009408917267728079
0.31000000000000016,0.995516445818539,0.9954195812767231,0.00009686454181589976
0.31500000000000017,0.9953005314388749,0.9952008622053565,0.00009966923351834023
0.3200000000000002,0.9950780106762508,0.9949755078861249,0.00010250279012591346
0.3250000000000002,0.9948487977132817,0.9947434329569445,0.00010536475633726727
0.3300000000000002,0.9946128073567894,0.9945045526775907,0.00010825467919861609
0.3350000000000002,0.9943699550376474,0.994258782929553,0.000111172108094304
0.3400000000000002,0.9941201568106224,0.9940060402158851,0.00011411659473725688
0.3450000000000002,0.993863329354211,0.9937462416610521,0.00011708769315887935
0.3500000000000002,0.9935993899704725,0.9934793050107719,0.00012008495970061706
0.3550000000000002,0.993328256584857,0.9932051486318529,0.00012310795300407573
0.3600000000000002,0.9930498477460294,0.9929236915120279,0.00012615623400158427
0.3650000000000002,0.9927640826256889,0.9926348532597816,0.00012922936590731293
0.3700000000000002,0.9924708810183839,0.9923385541041756,0.00013232691420828058
0.3750000000000002,0.9921701633413221,0.9920347148946669,0.0001354484466552508
0.3800000000000002,0.9918618506341771,0.9917232571009245,0.0001385935332526289
0.38500000000000023,0.9915458645588887,0.9914041028126367,0.00014176174625202265
0.39000000000000024,0.9912221273994601,0.9910771747393197,0.0001449526601404738
0.39500000000000024,0.9908905620617494,0.990742396210115,0.00014816585163446305
0.40000000000000024,0.9905510920732562,0.9903996911735874,0.00015140089966880765
0.40500000000000025,0.9902036415829043,0.9900489841975146,0.0001546573853896671
0.41000000000000025,0.9898481353608186,0.9896902004686736,0.00015793489214499523
0.41500000000000026,0.9894844987980975,0.9893232657926206,0.00016123300547687958
0.42000000000000026,0.9891126579065802,0.9889481065934675,0.0001645513131126597
0.42500000000000027,0.9887325393186088,0.9885646499136529,0.0001678894049559343
0.43000000000000027,0.988344070286786,0.9881728234137062,0.00017124687307978892
0.4350000000000003,0.9879471786837264,0.9877725553720096,0.0001746233117168039
0.4400000000000003,0.9875417930018044,0.987363774684552,0.00017801831725239303
0.4450000000000003,0.9871278423528952,0.9869464108646798,0.0001814314882153667
0.4500000000000003,0.9867052564681114,0.9865203940428402,0.00018486242527115948
0.4550000000000003,0.9862739656975342,0.9860856549663213,0.0001883107312129484
0.4600000000000003,0.9858339010099394,0.9856421249989854,0.00019177601095399233
0.4650000000000003,0.9853849939925173,0.9851897361209979,0.00019525787151941643
0.4700000000000003,0.9849271768505884,0.984728420928549,0.0001987559220394397
0.4750000000000003,0.984460382407312,0.9842581126335719,0.0002022697737401602
0.4800000000000003,0.9839845441033913,0.9837787450634539,0.00020579903993744875
0.4850000000000003,0.9834995959967707,0.983290252660743,0.00020934333602773414
0.4900000000000003,0.9830054727623295,0.9827925704828477,0.00021290227948178586
0.49500000000000033,0.9825021096915685,0.9822856342017321,0.00021647548983638742
0.5000000000000003,0.9819894426922917,0.9817693801036045,0.00022006258868723094
0.5050000000000003,0.9814674082882822,0.9812437450886009,0.00022366319968125659
0.5100000000000003,0.9809359436189717,0.9807086666704623,0.00022727694850943614
0.5150000000000003,0.9803949864391056,0.9801640829762057,0.0002309034628998896
0.5200000000000004,0.9798444751184004,0.9796099327457906,0.00023454237260989164
0.5250000000000004,0.9792843486411967,0.9790461553317771,0.00023819330941965422
0.5300000000000004,0.9787145466061055,0.9784726906989816,0.00024185590712388905
0.5350000000000004,0.9781350092256488,0.9778894794241226,0.00024552980152614534
0.5400000000000004,0.9775456773258943,0.9772964626954634,0.00024921463043081626
0.5450000000000004,0.9769464923460839,0.9766935823124471,0.00025291003363681064
0.5500000000000004,0.9763373963382561,0.9760807806853257,0.0002566156529304475
0.5550000000000004,0.9757183319668623,0.9754580008347844,0.0002603311320779067
0.5600000000000004,0.9750892425083771,0.9748251863915571,0.0002640561168200106
0.5650000000000004,0.9744500718509024,0.9741822815960384,0.00026779025486400876
0.5700000000000004,0.9738007644937646,0.9735292312978874,0.00027153319587724933
0.5750000000000004,0.9731412655471071,0.9728659809556262,0.00027528459148096207
0.5800000000000004,0.9724715207314748,0.9721924766362312,0.00027904409524359686
0.5850000000000004,0.9717914763773934,0.9715086650147196,0.00028281136267382934
0.5900000000000004,0.9711010794249416,0.970814493373727,0.0002865860512145657
0.5950000000000004,0.9704002774233177,0.9701099096030821,0.00029036782023561525
0.6000000000000004,0.969689018530399,0.96939486219937,0.0002941563310290274
0.6050000000000004,0.9689672515122955,0.9686693002654947,0.000297951246800765
0.6100000000000004,0.9682349257428958,0.9679331735102303,0.00030175223266548645
0.6150000000000004,0.9674919912034088,0.9671864322477681,0.00030555895564066127
0.6200000000000004,0.9667383984818958,0.9664290273972567,0.00030937108463913177
0.6250000000000004,0.9659740987727989,0.9656609104823352,0.00031318829046378394
0.6300000000000004,0.965199043876461,0.9648820336306592,0.0003170102458018853
0.6350000000000005,0.9644131861986395,0.9640923495734219,0.0003208366252175354
0.6400000000000005,0.9636164787500135,0.9632918116448665,0.0003246671051470029
0.6450000000000005,0.9628088751456849,0.9624803737817924,0.0003285013638925083
0.6500000000000005,0.9619903296046712,0.9616579905230557,0.00033233908161556247
0.6550000000000005,0.9611607969493932,0.9608246170090612,0.00033617994033197096
0.6600000000000005,0.9603202326051545,0.9599802089812489,0.00034002362390561647
0.6650000000000005,0.9594685925996156,0.9591247227815735,0.0003438698180421307
0.6700000000000005,0.9586058335622597,0.9582581153519756,0.0003477182102841203
0.6750000000000005,0.9577319127238526,0.9573803442338479,0.0003515684900047278
0.6800000000000005,0.9568467879158956,0.9564913675674929,0.0003554203484027463
0.6850000000000005,0.9559504175700708,0.9555911440915753,0.0003592734784955143
0.6900000000000005,0.9550427607176801,0.9546796331425649,0.00036312757511525184
0.6950000000000005,0.9541237769890772,0.9537567946541756,0.00036698233490162213
0.7000000000000005,0.9531934266130921,0.9528225891567944,0.00037083745629773457
0.7050000000000005,0.9522516704164491,0.9518769777769052,0.0003746926395439276
0.7100000000000005,0.9512984698231771,0.9509199222365048,0.0003785475866723287
0.7150000000000005,0.9503337868540138,0.9499513848525123,0.00038240200150152504
0.7200000000000005,0.9493575841258015,0.9489713285361698,0.00038625558963167883
0.7250000000000005,0.948369824850877,0.9479797167924385,0.0003901080584384209
0.7300000000000005,0.9473704728364534,0.9469765137193851,0.0003939591170682988
0.7350000000000005,0.9463594924839954,0.9459616840075629,0.00039780847643255957
0.7400000000000005,0.945336848788587,0.9449351929393837,0.00040165584920337505
0.7450000000000006,0.944302507338292,0.9438970063884842,0.00040550094980784657
0.7500000000000006,0.9432564343135073,0.9428470908190847,0.0004093434944225649
0.7550000000000006,0.9421985964863088,0.9417854132853399,0.0004131832009688363
0.7600000000000006,0.9411289612197906,0.9407119414306827,0.0004170197891079086
0.7650000000000006,0.9400474964673962,0.9396266434871604,0.000420852980235753
0.7700000000000006,0.9389541707722422,0.9385294882747639,0.00042468249747829034
0.7750000000000006,0.9378489532664357,0.9374204452007502,0.0004285080656855067
0.7800000000000006,0.9367318136703832,0.9362994842589555,0.0004323294114276788
0.7850000000000006,0.9356027222920926,0.9351665760291024,0.0004361462629902668
0.7900000000000006,0.9344616500264682,0.9340216916760997,0.0004399583503684745
0.7950000000000006,0.9333085683545971,0.9328648029493343,0.00044376540526280817
0.8000000000000006,0.9321434493430293,0.9316958821819546,0.0004475671610746357
0.8050000000000006,0.93096626564305,0.9305149022901494,0.00045136335290052454
0.8100000000000006,0.9297769904899439,0.9293218367724152,0.00045515371752868905
0.8150000000000006,0.928575597702253,0.9281166597088193,0.00045893799343366126
0.8200000000000006,0.9273620616810254,0.9268993457602541,0.000462715920771295
0.8250000000000006,0.9261363574090583,0.9256698701676837,0.0004664872413746579
0.8300000000000006,0.9248984604501322,0.9244282087513825,0.00047025169874970185
0.8350000000000006,0.9236483469482379,0.923174337910168,0.00047400903806993355
0.8400000000000006,0.922385993626796,0.9219082346206234,0.000477759006172529
0.8450000000000006,0.9211113777878686,0.920629876436315,0.00048150135155355933
0.8500000000000006,0.9198244773113636,0.9193392414870005,0.0004852358243631061
0.8550000000000006,0.9185252706542317,0.9180363084778299,0.0004889621764018193
0.8600000000000007,0.9172137368496546,0.9167210566885386,0.0004926801611159215
0.8650000000000007,0.9158898555062266,0.915393465972634,0.000496389533592545
0.8700000000000007,0.9145536068071284,0.9140535167565724,0.0005000900505559569
0.8750000000000007,0.9132049715092927,0.9127011900389301,0.0005037814703625632
0.8800000000000007,0.9118439309425629,0.9113364673895652,0.000507463552997689
0.8850000000000007,0.9104704670088429,0.9099593309487731,0.0005111360600698056
0.8900000000000007,0.9090845621812408,0.9085697634264329,0.0005147987548078659
0.8950000000000007,0.9076861995032031,0.9071677481011472,0.0005184514020558639
0.9000000000000007,0.9062753625876425,0.9057532688193732,0.0005220937682692828
0.9050000000000007,0.9048520356160576,0.904326309994547,0.0005257256215106532
0.9100000000000007,0.9034162033376444,0.9028868566061987,0.0005293467314456679
0.9150000000000007,0.9019678510684003,0.9014348941990615,0.000532956869338741
0.9200000000000007,0.9005069646902205,0.8999704088821713,0.0005365558080492328
0.9250000000000007,0.8990335306499867,0.8984933873279595,0.0005401433220272311
0.9300000000000007,0.8975475359586473,0.897003816771338,0.0005437191873093328
0.9350000000000007,0.8960489681902906,0.8955016850087754,0.0005472831815152013
0.9400000000000007,0.8945378154812095,0.8939869803973666,0.0005508350838429044
0.9450000000000007,0.8930140665289589,0.8924596918538936,0.0005543746750652501
0.9500000000000007,0.8914777105914052,0.890919808853879,0.0005579017375262341
0.9550000000000007,0.8899287374857676,0.8893673214306315,0.0005614160551361547
0.9600000000000007,0.8883671375876517,0.8878022201742832,0.0005649174133685042
0.9650000000000007,0.8867929018300758,0.8862244962308197,0.0005684055992560832
0.9700000000000008,0.8852060217024881,0.8846341413011013,0.0005718804013867818
0.9750000000000008,0.8836064892497774,0.8830311476398778,0.0005753416098995823
0.9800000000000008,0.8819942970712752,0.8814155080547934,0.0005787890164817844
0.9850000000000008,0.8803694383197499,0.879787215905386,0.0005822224143638977
0.9900000000000008,0.8787319067003934,0.8781462651020766,0.0005856415983167551
0.9950000000000008,0.8770816964697993,0.8764926501051521,0.0005890463646471833
1.0000000000000007,0.8754188024349343,0.8748263659237391,0.0005924365111952268
1.0050000000000006,0.8737432199521004,0.8731474081147712,0.0005958118373291521
1.0100000000000005,0.8720549449258898,0.8714557727819467,0.0005991721439430053
1.0150000000000003,0.8703539738081321,0.8697514565746806,0.000602517233451505
1.0200000000000002,0.8686403035968334,0.8680344566870453,0.0006058469097881547
1.0250000000000001,0.8669139318351075,0.8663047708567073,0.0006091609784001362
1.03,0.8651748566100987,0.864562397363853,0.0006124592462457557
1.035,0.863423076551898,0.8628073350301082,0.000615741521789781
1.0399999999999998,0.8616585908324497,0.8610395832174486,0.0006190076150011103
1.0449999999999997,0.8598813991644513,0.8592591418271032,0.0006222573373481088
1.0499999999999996,0.8580915018002453,0.8574660112984498,0.0006254905017955004
1.0549999999999995,0.8562888995307028,0.8556601926079013,0.0006287069228014808
1.0599999999999994,0.8544735936840988,0.8538416872677859,0.000631906416312944
1.0649999999999993,0.852645586124981,0.8520104973252178,0.0006350887997631505
1.0699999999999992,0.8508048792530288,0.8501666253609615,0.0006382538920672864
1.074999999999999,0.8489514760019063,0.848310074488286,0.0006414015136203544
1.079999999999999,0.8470853798381057,0.8464408483518137,0.0006445314862920659
1.0849999999999989,0.8452065947597839,0.8445589511263591,0.0006476436334247326
1.0899999999999987,0.8433151252955906,0.8426643875157612,0.0006507377798293801
1.0949999999999986,0.8414109765034892,0.8407571627517068,0.0006538137517824172
1.0999999999999985,0.8394941539695686,0.8388372825925468,0.0006568713770218615
1.1049999999999984,0.8375646638068487,0.8369047533221037,0.0006599104847450077
1.1099999999999983,0.8356225126540763,0.8349595817484724,0.0006629309056038757
1.1149999999999982,0.8336677076745145,0.8330017752028118,0.0006659324717026571
1.119999999999998,0.8317002565547233,0.8310313415381291,0.0006689150165942737
1.124999999999998,0.8297201675033333,0.8290482891280563,0.0006718783752770463
1.129999999999998,0.82772744924981,0.827052626865619,0.0006748223841910317
1.1349999999999978,0.8257221110432118,0.825044364161996,0.0006777468812158016
1.1399999999999977,0.8237041626509392,0.8230235109452735,0.0006806517056656691
1.1449999999999976,0.8216736143574762,0.8209900776591886,0.000683536698287579
1.1499999999999975,0.8196304769631249,0.8189440752618667,0.0006864017012581103
1.1549999999999974,0.81757476178273,0.8168855152245512,0.0006892465581788132
1.1599999999999973,0.8155064806443982,0.8148144095303238,0.0006920711140744329
1.1649999999999971,0.8134256458882076,0.8127307706728184,0.0006948752153892457
1.169999999999997,0.8113322703649103,0.8106346116549267,0.0006976587099836173
1.174999999999997,0.809226367434627,0.8085259459874957,0.0007004214471312276
1.1799999999999968,0.8071079509655336,0.8064047876880179,0.0007031632775156282
1.1849999999999967,0.8049770353325403,0.8042711512793135,0.0007058840532268018
1.1899999999999966,0.8028336354159629,0.8021250517882033,0.0007085836277596069
1.1949999999999965,0.8006777666001857,0.7999665047441775,0.0007112618560082273
1.1999999999999964,0.7985094447723177,0.7977955261780525,0.0007139185942651727
1.2049999999999963,0.7963286863208394,0.7956121326206228,0.0007165537002166156
1.2099999999999962,0.7941355081342443,0.7934163411013035,0.0007191670329407263
1.214999999999996,0.7919299275996697,0.7912081691467662,0.0007217584529035648
1.219999999999996,0.7897119626015225,0.7889876347795662,0.0007243278219563054
1.2249999999999959,0.7874816315200952,0.786754756516763,0.0007268750033322391
1.2299999999999958,0.7852389532301753,0.7845095533685317,0.0007293998616436648
1.2349999999999957,0.782983947099647,0.782252044836768,0.0007319022628790028
1.2399999999999956,0.7807166329880844,0.779982250913685,0.0007343820743993534
1.2449999999999954,0.7784370312453378,0.7777001920804015,0.000736839164936276
1.2499999999999953,0.7761451627101124,0.7754058893055247,0.0007392734045876814
1.2549999999999952,0.7738410487085382,0.7730993640437223,0.0007416846648159447
1.2599999999999951,0.7715247110527338,0.77078063823429,0.0007440728184437972
1.264999999999995,0.7691961720393616,0.7684497342997092,0.0007464377396524391
1.269999999999995,0.7668554544481755,0.7661066751441978,0.0007487793039776536
1.2749999999999948,0.7645025815405613,0.7637514841522537,0.0007510973883075867
1.2799999999999947,0.7621375770580691,0.7613841851871898,0.0007533918708793053
1.2849999999999946,0.7597604652209385,0.7590048025896631,0.0007556626312754666
1.2899999999999945,0.7573712707266164,0.7566133611761939,0.0007579095504224309
1.2949999999999944,0.7549700187482661,0.7542098862376796,0.0007601325105864865
1.2999999999999943,0.7525567349332707,0.7517944035378992,0.0007623313953715183
1.3049999999999942,0.7501314454017273,0.7493669393120124,0.0007645060897149003
1.309999999999994,0.7476941767449348,0.7469275202650482,0.0007666564798866071
1.314999999999994,0.7452449560238734,0.7444761735703894,0.000768782453483996
1.3199999999999938,0.7427838107676777,0.7420129268682474,0.0007708838994303635
1.3249999999999937,0.7403107689721012,0.7395378082641291,0.0007729607079721701
1.3299999999999936,0.7378258590979739,0.737050846327299,0.0007750127706749321
1.3349999999999935,0.7353291100696527,0.7345520700892313,0.0007770399804214456
1.3399999999999934,0.732820551273464,0.7320415090420557,0.0007790422314083445
1.3449999999999933,0.730300212556139,0.7295191931369958,0.000781019419143214
1.3499999999999932,0.727768124223242,0.7269851527827995,0.0007829714404424815
1.354999999999993,0.725224317037591,0.7244394188441637,0.000784898193427308
1.359999999999993,0.7226688222176709,0.7218820226401492,0.0007867995775217018
1.3649999999999929,0.7201016714360396,0.7193129959425907,0.0007886754934489648
1.3699999999999928,0.7175228968177271,0.7167323709744975,0.0007905258432295836
1.3749999999999927,0.7149325309386263,0.7141401804084484,0.0007923505301778988
1.3799999999999926,0.7123306068238782,0.7115364573649792,0.0007941494588989961
1.3849999999999925,0.709717157946248,0.7089212354109614,0.0007959225352865973
1.3899999999999924,0.7070922182244956,0.7062945485579761,0.0007976696665195071
1.3949999999999922,0.7044558220217382,0.7036564312606789,0.0007993907610592821
1.3999999999999921,0.7018080041438053,0.7010069184151579,0.0008010857286473438
1.404999999999992,0.6991487998375875,0.698346045357286,0.0008027544803015374
1.409999999999992,0.6964782447893777,0.6956738478610637,0.0008043969283140218
1.4149999999999918,0.693796375123205,0.6929903621369566,0.0008060129862483834
1.4199999999999917,0.691103227399162,0.6902956248302254,0.0008076025689365274
1.4249999999999916,0.6883988386117246,0.6875896730192489,0.0008091655924756802
1.4299999999999915,0.6856832461880652,0.6848725442138391,0.0008107019742260579
1.4349999999999914,0.6829564879863586,0.6821442763535505,0.0008122116328080908
1.4399999999999913,0.6802186022940807,0.6794049078059816,0.0008136944880990926
1.4449999999999912,0.677469627826301,0.6766544773650705,0.000815150461230596
1.449999999999991,0.6747096037239675,0.6738930242493812,0.0008165794745862431
1.454999999999991,0.6719385695521846,0.6711205881003869,0.000817981451797678
1.4599999999999909,0.6691565652984847,0.6683372089807418,0.0008193563177428809
1.4649999999999908,0.6663636313710927,0.6655429273725495,0.0008207039985431708
1.4699999999999906,0.6635598085971833,0.6627377841756235,0.0008220244215598749
1.4749999999999905,0.6607451382211321,0.6599218207057403,0.0008233175153917749
1.4799999999999904,0.6579196619027593,0.6570950786928866,0.0008245832098726646
1.4849999999999903,0.6550834217155671,0.6542576002794989,0.0008258214360682414
1.4899999999999902,0.6522364601449702,0.651409428018697,0.0008270321262732194
1.4949999999999901,0.6493788200865194,0.6485506048725105,0.0008282152140088872
1.49999999999999,0.646510544844119,0.6456811742100994,0.000829370634019555
1.50499999999999,0.643631678128237,0.6428011798059657,0.0008304983222712226
1.5099999999999898,0.640742264054109,0.6399106658381619,0.000831598215947027
1.5149999999999897,0.6378423471399354,0.63700967688649,0.0008326702534453556
1.5199999999999896,0.6349319723050721,0.6340982579306945,0.0008337143743776254
1.5249999999999895,0.6320111848682147,0.6311764543486507,0.0008347305195640642
1.5299999999999894,0.6290800305455757,0.6282443119145433,0.0008357186310323783
1.5349999999999893,0.6261385554490558,0.6253018767970421,0.0008366786520137559
1.5399999999999892,0.6231868060844088,0.622349195557468,0.0008376105269407574
1.544999999999989,0.6202248293493992,0.6193863151479546,0.0008385142014445401
1.549999999999989,0.6172526725319544,0.6164132829096028,0.0008393896223515274
1.5549999999999888,0.6142703833083101,0.6134301465706288,0.0008402367376812991
1.5599999999999887,0.6112780097411493,0.6104369542445061,0.0008410554966432615
1.5649999999999886,0.608275600277735,0.6074337544281007,0.0008418458496343151
1.5699999999999885,0.6052632037480365,0.6044205959998011,0.0008426077482354133
1.5749999999999884,0.60224086936285,0.6013975282176408,0.000843341145209231
1.5799999999999883,0.5992086467119124,0.5983646007174147,0.0008440459944977219
1.5849999999999882,0.5961665857620089,0.5953218635107906,0.0008447222512182329
1.589999999999988,0.5931147368550748,0.5922693669834131,0.0008453698716616165
1.594999999999988,0.5900531507062909,0.5892071618930017,0.0008459888132892335
1.5999999999999879,0.5869818784021733,0.5861352993674434,0.0008465790347299551
1.6049999999999878,0.583900971398656,0.5830538309028785,0.0008471404957774986
1.6099999999999877,0.5808104815191688,0.5799628083617814,0.0008476731573874297
1.6149999999999876,0.5777104609527081,0.5768622839710333,0.0008481769816747198
1.6199999999999875,0.5746009622519025,0.573752310319992,0.0008486519319105268
1.6249999999999873,0.5714820383310721,0.5706329403585526,0.0008490979725195302
1.6299999999999872,0.5683537424642822,0.5675042273952048,0.0008495150690773778
1.6349999999999871,0.5652161282833901,0.5643662250950828,0.0008499031883072439
1.639999999999987,0.5620692497760877,0.5612189874780099,0.0008502622980778307
1.644999999999987,0.5589131612839371,0.5580625689165376,0.0008505923673994831
1.6499999999999868,0.5557479175004004,0.5548970241339779,0.0008508933664225227
1.6549999999999867,0.5525735734688648,0.5517224082024312,0.0008511652664335845
1.6599999999999866,0.5493901845806608,0.5485387765408076,0.0008514080398531743
1.6649999999999865,0.5461978065730753,0.5453461849128428,0.0008516216602324489
1.6699999999999864,0.5429964955273591,0.5421446894251082,0.0008518061022508849
1.6749999999999863,0.5397863078667287,0.5389343465250155,0.00085196134171317
1.6799999999999862,0.5365673003543625,0.5357152129988163,0.000852087355546205
1.684999999999986,0.5333395300913915,0.5324873459695949,0.0008521841217965509
1.689999999999986,0.5301030545148842,0.5292508028952568,0.00085225161962732
1.6949999999999859,0.5268579313958267,0.5260056415665114,0.0008522898293152892
1.6999999999999857,0.5236042188370972,0.5227519201048485,0.0008522987322486797
1.7049999999999856,0.5203419752714341,0.5194896969605112,0.0008522783109229382
1.7099999999999855,0.5170712594594005,0.5162190309104607,0.0008522285489397374
1.7149999999999854,0.5137921304873416,0.5129399810563394,0.0008521494310022026
1.7199999999999853,0.5105046477653384,0.5096526068224252,0.0008520409429132458
1.7249999999999852,0.507208871025155,0.5063569679535825,0.0008519030715724574
1.729999999999985,0.5039048603181809,0.503053124513208,0.0008517358049728863
1.734999999999985,0.5005926760133691,0.4997411368811707,0.0008515391321983756
1.739999999999985,0.49727237879516745,0.4964210657517467,0.0008513130434207317
1.7449999999999848,0.4939440296614463,0.49309297213154957,0.000851057529896726
1.7499999999999847,0.4906076899214204,0.4897569173374552,0.0008507725839652092
1.7549999999999846,0.4872634211935659,0.48641296299452186,0.0008504581990440574
1.7599999999999845,0.4839112854035325,0.48306117103390483,0.0008501143696276747
1.7649999999999844,0.4805513447820505,0.47970160369076703,0.0008497410912834957
1.7699999999999843,0.47718366186283306,0.4763343235021836,0.0008493383606494875
1.7749999999999841,0.4738082994804734,0.4729593933050422,0.0008489061754312077
1.779999999999984,0.47042532076833765,0.469576876233939,0.0008484445343986402
1.784999999999984,0.46703478915645213,0.46618683571906877,0.0008479534373833642
1.7899999999999838,0.4636367683693867,0.46278933548411116,0.0008474328852755564
1.7949999999999837,0.46023132242413306,0.4593844395441117,0.0008468828800213823
1.7999999999999836,0.456818515627978,0.45597221220335854,0.0008463034246194434
1.8049999999999835,0.45339841257637276,0.4525527180532544,0.0008456945231183344
1.8099999999999834,0.44997107815079723,0.4491260219701838,0.0008450561806134238
1.8149999999999833,0.44653657751661996,0.44569218911337594,0.000844388403244023
1.8199999999999832,0.4430949761209533,0.44225128492276317,0.0008436911981901107
1.824999999999983,0.43964633969050443,0.43880337511683454,0.000842964573669891
1.829999999999983,0.4361907342294218,0.43534852569048565,0.0008422085389361289
1.8349999999999829,0.4327282260171371,0.43188680291286324,0.0008414231042738751
1.8399999999999828,0.42925888160620324,0.42841827332520627,0.0008406082809969684
1.8449999999999827,0.4257827678201274,0.42494300373868227,0.000839764081445149
1.8499999999999825,0.4222999517512005,0.42146106123221955,0.0008388905189809504
1.8549999999999824,0.418810500758322,0.41797251315033485,0.0008379876079871451
1.8599999999999823,0.4153144824648208,0.41447742710095775,0.0008370553638630263
1.8649999999999822,0.41181196475627163,0.4109758709532496,0.00083609380302202
1.8699999999999821,0.40830301577830797,0.4074679128354198,0.0008351029428881884
1.874999999999982,0.4047877039344302,0.40395362113253674,0.0008340828018934543
1.879999999999982,0.40126609788381024,0.4004330644843357,0.0008330333994745476
1.8849999999999818,0.3977382665390921,0.3969063117830224,0.0008319547560697305
1.8899999999999817,0.3942042790641884,0.39337343217107246,0.0008308468931159663
1.8949999999999816,0.39066420487207315,0.3898344950390273,0.0008297098330458663
1.8999999999999815,0.3871181136225706,0.3862895700232861,0.0008285435992844703
1.9049999999999814,0.3835660752201403,0.38273872700389433,0.0008273482162459711
1.9099999999999813,0.38000815981165864,0.37918203610232726,0.0008261237093313833
1.9149999999999812,0.37644443778419623,0.3756195676792715,0.0008248701049247131
1.919999999999981,0.372874979762792,0.3720513923324019,0.0008235874303900714
1.924999999999981,0.3692998566082236,0.36847758089415494,0.0008222757140686765
1.9299999999999808,0.36571913941477424,0.3648982044294986,0.0008209349852756342
1.9349999999999807,0.36213289950799565,0.36131333423369877,0.0008195652742968851
1.9399999999999806,0.35854120844246823,0.357723041830082,0.0008181666123862064
1.9449999999999805,0.35494413799955715,0.3541273989677954,0.0008167390317617707
1.9499999999999804,0.3513417601851654,0.35052647761956207,0.0008152825656033147
1.9549999999999803,0.3477341472274832,0.3469203499794346,0.0008137972480485867
1.9599999999999802,0.3441213715747346,0.34330908846054364,0.0008122831141909592
1.96499999999998,0.3405035058929202,0.33969276569284496,0.0008107402000752661
1.96999999999998,0.3368806230635572,0.3360714545208616,0.0008091685426955819
1.9749999999999799,0.33325279618141573,0.3324452280014244,0.0008075681799913359
1.9799999999999798,0.32962009855225266,0.328814159401408,0.0008059391508446478
1.9849999999999797,0.3259826036905419,0.3251783221954651,0.0008042814950767752
1.9899999999999796,0.32234038531720177,0.3215377900637566,0.0008025952534451708
1.9949999999999795,0.31869351735731954,0.31789263688967945,0.0008008804676400971
1.9999999999999793,0.3150420739378727,0.3142429367575911,0.0007991371802816283
2.0049999999999795,0.31138612938544774,0.31058876395053137,0.000797365434916375
2.0099999999999794,0.3077257582239557,0.3069301929479419,0.000795565276013821
2.0149999999999793,0.3040610351723453,0.3032672984233814,0.0007937367489638802
2.019999999999979,0.3003920351423128,0.2996001552422396,0.000791879900073178
2.024999999999979,0.2967188332360098,0.29592883845944795,0.0007899947765618309
2.029999999999979,0.29304150474374785,0.2922534233171874,0.0007880814265604497
2.034999999999979,0.2893601251417007,0.28857398524259426,0.0007861398991064195
2.0399999999999787,0.2856747700896037,0.2848905998454625,0.0007841702441411802
2.0449999999999786,0.2819855154284512,0.2812033429159446,0.0007821725125065626
2.0499999999999785,0.278292437178191,0.27751229042224923,0.0007801467559417907
2.0549999999999784,0.2745956115354166,0.2738175185083368,0.0007780930270798181
2.0599999999999783,0.2708951148710569,0.2701191034916124,0.0007760113794444967
2.064999999999978,0.2671910237280637,0.2664171218606167,0.0007739018674469689
2.069999999999978,0.26348341481909704,0.2627116502727147,0.0007717645463823364
2.074999999999978,0.25977236502420803,0.2590027655517813,0.0007695994724267186
2.079999999999978,0.25605795138851967,0.2552905446858863,0.0007674067026333664
2.0849999999999778,0.2523402511199054,0.2515750648249753,0.0007651862949300536
2.0899999999999777,0.24861934158666563,0.2478564032785508,0.00076293830811483
2.0949999999999775,0.2448953003152024,0.24413463751334893,0.0007606628018534678
2.0999999999999774,0.2411682049876917,0.24040984515101593,0.0007583598366757704
2.1049999999999773,0.23743813343975406,0.23668210396578182,0.0007560294739722417
2.1099999999999772,0.23370516365812322,0.23295149188213246,0.0007536717759907552
2.114999999999977,0.2299693737783129,0.22921808697247978,0.0007512868058331124
2.119999999999977,0.22623084208228184,0.22548196745483004,0.0007488746274517954
2.124999999999977,0.222489646996097,0.22174321169045055,0.0007464353056464423
2.129999999999977,0.21874586708759508,0.21800189818153465,0.0007439689060604326
2.1349999999999767,0.2149995810640425,0.2142581055688647,0.0007414754951777791
2.1399999999999766,0.2112508677697935,0.21051191262947433,0.0007389551403191585
2.1449999999999765,0.20749980618394706,0.20676339827430779,0.000736407909639275
2.1499999999999764,0.203746475418002,0.2030126415458795,0.0007338338721225024
2.1549999999999763,0.19999095471351075,0.1992597216159305,0.0007312330975802472
2.159999999999976,0.19623332343973166,0.19550471778308443,0.0007286056566472299
2.164999999999976,0.19247366109128003,0.19174770947050238,0.000725951620777654
2.169999999999976,0.1887120472857778,0.1879887762235353,0.0007232710622425143
2.174999999999976,0.18494856176150198,0.18422799770737647,0.0007205640541255165
2.1799999999999757,0.1811832843750317,0.180465453704712,0.0007178306703196913
2.1849999999999756,0.17741629509889445,0.17670122411337005,0.0007150709855243964
2.1899999999999755,0.1736476740192109,0.17293538894396987,0.0007122850752410426
2.1949999999999754,0.16987750133333884,0.16916802831756858,0.0007094730157702622
2.1999999999999753,0.16610585734751593,0.16539922246330782,0.0007066348842081072
2.204999999999975,0.16233282247450173,0.161629051716059,0.0007037707584427177
2.209999999999975,0.15855847723121858,0.15785759651406814,0.0007008807171504372
2.214999999999975,0.1547829022363918,0.154084937396599,0.0006979648397927862
2.219999999999975,0.15100617820818896,0.15031115500157652,0.0006950232066124384
2.2249999999999748,0.14722838596185847,0.14653633006322828,0.000692055898630195
2.2299999999999747,0.14344960640736742,0.1427605434097264,0.0006890629976410156
2.2349999999999746,0.13966992054703875,0.1389838759608281,0.0006860445862106601
2.2399999999999745,0.13588940947318787,0.13520640872551587,0.0006830007476719968
2.2449999999999743,0.13210815436575862,0.13142822279963706,0.000679931566121561
2.2499999999999742,0.12832623648995886,0.12764939936354272,0.000676837126416141
2.254999999999974,0.12454373719389547,0.12387001967972674,0.0006737175141687257
2.259999999999974,0.12076073790620902,0.12009016509046377,0.0006705728157452434
2.264999999999974,0.11697732013370805,0.11630991701544713,0.0006674031182609258
2.269999999999974,0.11319356545900314,0.11252935694942637,0.0006642085095767691
2.2749999999999737,0.10940955553814052,0.10874856645984493,0.000660989078295593
2.2799999999999736,0.10562537209823573,0.10496762718447683,0.0006577449137589036
2.2849999999999735,0.10184109693510693,0.10118662082906402,0.0006544761060429116
2.2899999999999734,0.0980568119109082,0.09740562916495338,0.0006511827459548258
2.2949999999999733,0.09427259895176282,0.09362473402673308,0.0006478649250297452
2.299999999999973,0.09048854004539644,0.0898440173098701,0.0006445227355263428
2.304999999999973,0.08670471723877043,0.08606356096834694,0.000641156270423493
2.309999999999973,0.08292121263571525,0.08228344701229826,0.000637765623416997
2.314999999999973,0.07913810839456398,0.07850375750564892,0.0006343508889150584
2.3199999999999728,0.07535548672578608,0.07472457456375073,0.0006309121620353547
2.3249999999999726,0.0715734298896215,0.07094598035102045,0.0006274495386010409
2.3299999999999725,0.06779202019371483,0.06716805707857779,0.0006239631151370439
2.3349999999999724,0.06401133999075016,0.06339088700188374,0.0006204529888664267
2.3399999999999723,0.06023147167608608,0.05961455241837941,0.000616919257706669
2.344999999999972,0.056452497685391234,0.055839135665125314,0.0006133620202659201
2.349999999999972,0.052674500492280465,0.05206471911644113,0.0006097813758393356
2.354999999999972,0.04889756260595139,0.04829138518154611,0.0006061774244052812
2.359999999999972,0.045121766568821706,0.04451921630220021,0.000602550266621496
2.364999999999972,0.041347194954167096,0.04074829495034523,0.0005989000038218659
2.3699999999999717,0.03757393036375988,0.03697870362574805,0.0005952267380118295
2.3749999999999716,0.033802055425508466,0.033210524853643175,0.0005915305718652911
2.3799999999999715,0.030031652791097565,0.029443841182376924,0.0005878116087206404
2.3849999999999714,0.026262805133629333,0.02567873518105243,0.0005840699525769023
2.3899999999999713,0.02249559514526542,0.021915289437175363,0.0005803057080900585
2.394999999999971,0.018730105534870006,0.018153586554300653,0.000576518980569353
2.399999999999971,0.014966419025653852,0.014393709149680751,0.0005727098759731007
2.404999999999971,0.011204618352819454,0.010635739851913899,0.000568878500905555
2.409999999999971,0.007444786261207315,0.006879761298595036,0.0005650249626122789
2.4149999999999707,0.003687005502943413,0.0031258561339662927,0.0005611493689771205
2.4199999999999706,-0.00006864116491209649,-0.0006258929934299245,0.0005572518285178281
2.4249999999999705,-0.0038220709827148937,-0.004375403433097391,0.0005533324503824975
2.4299999999999704,-0.00757320119058516,-0.00812259253493091,0.0005493913443457496
2.4349999999999703,-0.011321949030754857,-0.011867377651559534,0.0005454286208046773
2.43999999999997,-0.015068231749913551,-0.015609676140688776,0.000541444390775225
2.44499999999997,-0.01881196660155276,-0.019349405367440856,0.0005374387658880972
2.44999999999997,-0.022553070848308727,-0.023086482706694125,0.0005334118583853985
2.45499999999997,-0.026291461764303622,-0.02682082554541957,0.0005293637811159477
2.4599999999999698,-0.030027056637485082,-0.030552351285017307,0.0005252946475322248
2.4649999999999697,-0.03375977277196403,-0.03428097734364994,0.0005212045716859112
2.4699999999999696,-0.03748952749035076,-0.038006621158575185,0.0005170936682244234
2.4749999999999694,-0.04121623813608924,-0.04172920018847595,0.0005129620523867118
2.4799999999999693,-0.04493982207578948,-0.04544863191578894,0.0005088098399994578
2.4849999999999692,-0.0486601967015581,-0.049164833849031316,0.0005046371474732164
2.489999999999969,-0.05237727943332681,-0.052877723525125375,0.0005004440917985645
2.494999999999969,-0.056090987721179,-0.05658721851172094,0.0004962307905419377
2.499999999999969,-0.0598012390476742,-0.060293236409516136,0.0004919973618419393
2.504999999999969,-0.0635079509301704,-0.06399569485457585,0.0004877439244054399
2.5099999999999687,-0.0672110409231443,-0.06769451152064758,0.0004834705975032827
2.5149999999999686,-0.07091042662050921,-0.07138960412147607,0.0004791775009668625
2.5199999999999685,-0.07460602565793083,-0.07508089041311458,0.00047486475518375426
2.5249999999999684,-0.07829775571514053,-0.07876828819623448,0.00047053248109395207
2.5299999999999683,-0.08198553451824646,-0.08245171531843226,0.0004661808001858031
2.534999999999968,-0.08566927984204205,-0.0861310896765343,0.00046180983449224666
2.539999999999968,-0.08934890951231214,-0.08980632921889879,0.0004574197065866509
2.544999999999968,-0.0930243414081366,-0.09347735194771548,0.0004530105395788714
2.549999999999968,-0.09669549346419126,-0.09714407592130256,0.0004485824571112962
2.5549999999999677,-0.10036228367304632,-0.10080641925640112,0.0004441355833547933
2.5599999999999676,-0.10402463008746204,-0.10446430013046692,0.00043967004300488055
2.5649999999999675,-0.10768245082268169,-0.10811763678395923,0.00043518596127754827
2.5699999999999674,-0.11133566405872168,-0.11176634752262701,0.00043068346390533196
2.5749999999999673,-0.11498418804265899,-0.11541035071979233,0.0004261626771333432
2.579999999999967,-0.11862794109091554,-0.1190495648186306,0.00042162372771506473
2.584999999999967,-0.12226684159153975,-0.12268390833444831,0.0004170667429085617
2.589999999999967,-0.12590080800648504,-0.1263132998569574,0.000412491850472374
2.594999999999967,-0.12952975887388535,-0.12993765805254676,0.00040789917866140835
2.599999999999967,-0.1331536128103275,-0.13355690166655054,0.00040328885622303856
2.6049999999999667,-0.1367722885131205,-0.13717094952551337,0.0003986610123928591
2.6099999999999666,-0.1403857047625616,-0.14077972053945237,0.0003940157768907715
2.6149999999999665,-0.14399378042419902,-0.14438313370411618,0.00038935327991715396
2.6199999999999664,-0.14759643445109166,-0.1479811081032399,0.00038467365214822635
2.6249999999999662,-0.15119358588606513,-0.15157356291079765,0.00037997702473252515
2.629999999999966,-0.15478515386396463,-0.15516041739325126,0.0003752635292866291
2.634999999999966,-0.1583710576139043,-0.1587415909117953,0.00037053329789099587
2.639999999999966,-0.16195121646151303,-0.16231700292459916,0.00036578646308613183
2.644999999999966,-0.1655255498311768,-0.16588657298904497,0.00036102315786817885
2.6499999999999657,-0.16909397724827735,-0.16945022076396243,0.00035624351568508406
2.6549999999999656,-0.1726564183414273,-0.1730078660118599,0.00035144767043260305
2.6599999999999655,-0.17621279284470154,-0.1765594286011512,0.0003466357564496647
2.6649999999999654,-0.1797630205998647,-0.18010482850837967,0.00034180790851495724
2.6699999999999653,-0.1833070215585952,-0.18364398582043753,0.00033696426184232076
2.674999999999965,-0.18684471578470505,-0.18717682073678193,0.0003321049520768893
2.679999999999965,-0.19037602345635596,-0.19070325357164677,0.00032723011529081636
2.684999999999965,-0.19390086486827157,-0.194223204756251,0.00032233988797941704
2.689999999999965,-0.19741916043394547,-0.19773659484100217,0.00031743440705669923
2.6949999999999648,-0.20093083068784537,-0.20124334449769676,0.00031251380985139465
2.6999999999999647,-0.20443579628761305,-0.20474337452171598,0.0003075782341029343
2.7049999999999645,-0.2079339780162602,-0.2082366058342174,0.00030262781795720173
2.7099999999999644,-0.21142529678436014,-0.2117229594843224,0.0002976626999622589
2.7149999999999643,-0.21490967363223512,-0.21520235665129972,0.00029268301906459904
2.7199999999999642,-0.2183870297321395,-0.21867471864674393,0.00028768891460442814
2.724999999999964,-0.22185728639043853,-0.22213996691675064,0.0002826805263121124
2.729999999999964,-0.22532036504978264,-0.22559802304408633,0.00027765799430368165
2.734999999999964,-0.2287761872912775,-0.229048808750354,0.0002726214590764997
2.739999999999964,-0.23222467483664935,-0.23249224589815495,0.0002675710615056004
2.7449999999999637,-0.23566574955040595,-0.23592825649324511,0.00026250694283916354
2.7499999999999636,-0.23909933344199286,-0.2393567626866872,0.0002574292446943516
2.7549999999999635,-0.24252534866794515,-0.24277768677699843,0.000252338109053285
2.7599999999999634,-0.24594371753403435,-0.24619095121229329,0.0002472336782589346
2.7649999999999633,-0.24935436249741078,-0.24959647859242112,0.00024211609501034737
2.769999999999963,-0.25275720616874087,-0.2529941916711004,0.00023698550235951021
2.774999999999963,-0.25615217131434,-0.25638401335804595,0.0002318420437059654
2.779999999999963,-0.25953918085829997,-0.2597658667210938,0.00022668586279384062
2.784999999999963,-0.2629181578846121,-0.26313967498831853,0.00022151710370643674
2.7899999999999627,-0.2662890256392849,-0.266505361550148,0.00021633591086306359
2.7949999999999626,-0.2696517075324571,-0.26986284996147125,0.00021114242901415503
2.7999999999999625,-0.2730061271405051,-0.2732120639437426,0.0002059368032374942
2.8049999999999624,-0.2763522082081458,-0.2765529273870794,0.0002007191789335505
2.8099999999999623,-0.2796898746505341,-0.279885364352356,0.00019548970182192704
2.814999999999962,-0.2830190505553548,-0.2832092990732914,0.00019024851793658648
2.819999999999962,-0.2863396601849102,-0.286524655958532,0.00018499577362179886
2.824999999999962,-0.2896516279782011,-0.28983135959372885,0.00017973161552775618
2.829999999999962,-0.2929548785530036,-0.29312933474361064,0.00017445619060701967
2.8349999999999618,-0.29624933670793974,-0.2964185063540492,0.00016916964610946827
2.8399999999999617,-0.299534927424543,-0.2996987995541215,0.00016387212957846842
2.8449999999999616,-0.3028115758693184,-0.3029701396581652,0.00015856378884682165
2.8499999999999615,-0.3060792073957966,-0.3062324521678286,0.00015324477203199072
2.8549999999999613,-0.309337747546583,-0.30948566277411543,0.0001479152275324358
2.8599999999999612,-0.31258712205540085,-0.312729697359424,0.00014257530402317364
2.864999999999961,-0.31582725684912855,-0.31596448199958,0.00013722515045144767
2.869999999999961,-0.31905807804983166,-0.31918994296586406,0.00013186491603239814
2.874999999999961,-0.32227951197678867,-0.32240600672703396,0.00012649475024528734
2.879999999999961,-0.32549148514851123,-0.3256125999513401,0.0001211148028288922
2.8849999999999607,-0.3286939242847585,-0.32880964950853553,0.00011572522377700789
2.8899999999999606,-0.33188675630854536,-0.33199708247188037,0.00011032616333500611
2.8949999999999605,-0.3350699083481448,-0.3351748261201396,0.00010491777199478358
2.8999999999999604,-0.3382433077390845,-0.33834280793957544,0.00009950020049093178
2.9049999999999603,-0.341406882026137,-0.34150095562593347,0.00009407359979646257
2.90999999999996,-0.3445605589653039,-0.34464919708642217,0.00008863812111825631
2.91499999999996,-0.3477042665257941,-0.3477874604416875,0.00008319391589339808
2.91999999999996,-0.35083793289199555,-0.35091567402777984,0.00007774113578429276
2.92499999999996,-0.35396148646544096,-0.35403376639811596,0.00007227993267500121
2.9299999999999597,-0.3570748558667672,-0.35714166632543337,0.00006681045866618884
2.9349999999999596,-0.3601779699376684,-0.3602393028037402,0.0000613328660718504
2.9399999999999595,-0.36327075774284245,-0.3633266050502568,0.000055847307414369496
2.9449999999999594,-0.36635314857193163,-0.3664035025073519,0.000050353935420244245
2.9499999999999593,-0.36942507194145596,-0.36946992484447233,0.00004485290301636802
2.954999999999959,-0.3724864575967409,-0.3725258019600662,0.00003934436332525548
2.959999999999959,-0.37553723551383794,-0.37557106398349904,0.00003382846966110131
2.964999999999959,-0.37857733590143877,-0.3786056412769639,0.00002830537552511725
2.969999999999959,-0.38160668920278284,-0.3816294644373847,0.000022775234601868366
2.974999999999959,-0.38462522609755834,-0.3846424642983129,0.000017238200754554622
2.9799999999999587,-0.3876328775037961,-0.3876445719318169,0.000011694428020792014
2.9849999999999586,-0.3906295745797573,-0.3906357186503658,0.000006144070608504748
2.9899999999999585,-0.39361524872581366,-0.39361583600870537,0.0000005872828917063977
2.9949999999999584,-0.39658983158632155,-0.39658485580572733,0.0000049757805942185485
2.9999999999999583,-0.3995532550514885,-0.39954271008633246,0.000010544965156011887
3.004999999999958,-0.4025054512592332,-0.4024893311432858,0.000016120115947426683
3.009999999999958,-0.4054463525970386,-0.4054246515190652,0.000021701077973390603
3.014999999999958,-0.4083758917037975,-0.4083486040077036,0.0000272876960938917
3.019999999999958,-0.41129400147165157,-0.41126112165662265,0.0000328798150289189
3.0249999999999577,-0.41420061504782296,-0.4141621377684611,0.000038477279361848193
3.0299999999999576,-0.41709566583643903,-0.41705158590289454,0.00004407993354449413
3.0349999999999575,-0.41997908750034957,-0.41992939987844863,0.000049687621900940115
3.0399999999999574,-0.4228508139629371,-0.42279551377430524,0.00005530018863186825
3.0449999999999573,-0.4257107794099197,-0.42564986193210064,0.000060917477819055765
3.049999999999957,-0.4285589182911465,-0.42849237895771736,0.00006653933342914975
3.054999999999957,-0.4313951653223861,-0.4313229997230676,0.00007216559931849664
3.059999999999957,-0.43421945548710705,-0.43414165936787025,0.00007779611923680596
3.064999999999957,-0.43703172403825175,-0.4369482933014197,0.00008343073683203528
3.0699999999999568,-0.4398319065000018,-0.43974283720434776,0.00008906929565405397
3.0749999999999567,-0.44261993866953686,-0.44252522703037744,0.00009471163915941716
3.0799999999999566,-0.44539575661878517,-0.4452953990080701,0.00010035761071508498
3.0849999999999564,-0.44815929669616694,-0.4480532896425637,0.00010600705360325202
3.0899999999999563,-0.45091049552832996,-0.45079883571730484,0.00011165981102512212
3.0949999999999562,-0.45364929002187737,-0.45353197429577197,0.00011731572610540475
3.099999999999956,-0.4563756173650881,-0.45625264272319166,0.00012297464189642282
3.104999999999956,-0.459089415029629,-0.45896077862824664,0.00012863640138238708
3.109999999999956,-0.46179062077225996,-0.46165631992477607,0.00013430084748389248
3.114999999999956,-0.46447917263653027,-0.4643392048134685,0.00013996782306174849
3.1199999999999557,-0.4671550089544679,-0.4670093717835461,0.000145637170921753
3.1249999999999556,-0.4698180683482602,-0.4696667596144421,0.00015130873381807852
3.1299999999999555,-0.4724682897319273,-0.47231130737746885,0.00015698235445843478
3.1349999999999554,-0.4751056123129871,-0.47494295443747947,0.00016265787550762134
3.1399999999999553,-0.47772997559411234,-0.47756164045452,0.00016833513959235713
3.144999999999955,-0.4803413193747795,-0.4801673053854746,0.00017401398930488865
3.149999999999955,-0.48293958375290974,-0.48275988948570203,0.00017969426720770842
3.154999999999955,-0.4855247091265019,-0.4853393333106643,0.00018537581583760732
3.159999999999955,-0.48809663619525673,-0.48790557771754717,0.0001910584777095603
3.1649999999999547,-0.4906553059621934,-0.4904585638668718,0.00019674209532161147
3.1699999999999546,-0.4932006597352578,-0.4929982332240991,0.00020242651115870425
3.1749999999999545,-0.49573263912892196,-0.49552452756122517,0.0002081115676967893
3.1799999999999544,-0.4982511860657759,-0.4980373889583687,0.0002137971074072098
3.1849999999999543,-0.5007562427781106,-0.5005367598053496,0.00021948297276097595
3.189999999999954,-0.5032477518094929,-0.5030225828032598,0.00022516900623303915
3.194999999999954,-0.5057256560163316,-0.5054948009660256,0.00023085505030595588
3.199999999999954,-0.5081898985694352,-0.5079533576219608,0.00023654094747438403
3.204999999999954,-0.5106404229555618,-0.5103981964153119,0.0002422265402498569
3.209999999999954,-0.5130771729789592,-0.5128292613077947,0.0002479116711644469
3.2149999999999537,-0.5155000927628974,-0.515246496580123,0.0002535961827744293
3.2199999999999536,-0.5179091267511925,-0.5176498468335268,0.00025927991766572234
3.2249999999999535,-0.520304219709721,-0.5200392569912643,0.00026496271845666275
3.2299999999999534,-0.5226853167279265,-0.5224146723001227,0.00027064442780377895
3.2349999999999532,-0.5250523632203173,-0.5247760383319132,0.0002763248884041225
3.239999999999953,-0.527405304927955,-0.5271233009849539,0.0002820039430011523
3.244999999999953,-0.5297440879199344,-0.5294564064855469,0.00028768143438751004
3.249999999999953,-0.5320686585948552,-0.5317753013894445,0.00029335720541068255
3.254999999999953,-0.5343789636822837,-0.5340799325833083,0.0002990310989753331
3.2599999999999527,-0.5366749502442067,-0.5363702472861575,0.0003047029580492966
3.2649999999999526,-0.5389565656764762,-0.5386461930508101,0.0003103726256661332
3.2699999999999525,-0.5412237577102443,-0.5409077177653138,0.0003160399449305684
3.2749999999999524,-0.5434764744133904,-0.5431547696543687,0.0003217047590217126
3.2799999999999523,-0.5457146641919387,-0.5453872972807408,0.00032736691119794603
3.284999999999952,-0.5479382757914664,-0.5476052495466661,0.00033302624480024967
3.289999999999952,-0.5501472582985035,-0.5498085756952468,0.0003386826032567569
3.294999999999952,-0.5523415611419232,-0.5519972253118359,0.0003443358300873056
3.299999999999952,-0.5545211340943227,-0.5541711483254157,0.00034998576890699074
3.3049999999999518,-0.5566859272733954,-0.5563302950099657,0.0003556322634297171
3.3099999999999516,-0.558835891143294,-0.5584746159858198,0.0003612751574741946
3.3149999999999515,-0.5609709765159836,-0.5606040622210177,0.00036691429496593653
3.3199999999999514,-0.5630911345525863,-0.5627185850326437,0.0003725495199425888
3.3249999999999513,-0.5651963167647159,-0.5648181360881583,0.00037818067655759346
3.329999999999951,-0.5672864750158042,-0.5669026674067196,0.00038380760908462985
3.334999999999951,-0.5693615615224163,-0.5689721313604948,0.00038943016192150015
3.339999999999951,-0.5714215288555586,-0.5710264806759651,0.0003950481795935712
3.344999999999951,-0.5734663299419754,-0.5730656684352162,0.0004006615067592145
3.349999999999951,-0.5754959180654373,-0.5750896480772245,0.000406269988212804
3.3549999999999507,-0.5775102468680199,-0.5770983733991311,0.0004118734688888237
3.3599999999999506,-0.5795092703513725,-0.5790917985575059,0.00041747179386653066
3.3649999999999505,-0.5814929428779777,-0.5810698780696042,0.0004230648083735078
3.3699999999999504,-0.5834612191724017,-0.5830325668146119,0.0004286523577897716
3.3749999999999503,-0.585414054322534,-0.5849798200348819,0.00043423428765210215
3.37999999999995,-0.5873514037808186,-0.5869115933371608,0.00043981044365781763
3.38499999999995,-0.5892732233654749,-0.5888278426938063,0.00044538067166866036
3.38999999999995,-0.591179469261709,-0.5907285244439937,0.00045094481771523753
3.39499999999995,-0.5930700980229152,-0.5926135952949148,0.000456502728000463
3.3999999999999497,-0.5949450665718687,-0.5944830123229644,0.0004620542489043311
3.4049999999999496,-0.5968043322019068,-0.5963367329749196,0.0004675992269871365
3.4099999999999495,-0.5986478525781016,-0.5981747150691075,0.000473137508994137
3.4149999999999494,-0.600475585738423,-0.5999969167965642,0.00047866894185877307
3.4199999999999493,-0.6022874900948908,-0.6018032967221832,0.00048419337270755314
3.424999999999949,-0.6040835244347179,-0.6035938137858549,0.0004897106488630509
3.429999999999949,-0.6058636479214432,-0.605368427303594,0.0004952206178492347
3.434999999999949,-0.6076278200960544,-0.6071270969686609,0.0005007231273935764
3.439999999999949,-0.6093760008781015,-0.6088697828526689,0.0005062180254326032
3.4449999999999488,-0.6111081505667995,-0.6105964454066845,0.0005117051601150058
3.4499999999999487,-0.6128242298421216,-0.6123070454623155,0.0005171843798060793
3.4549999999999486,-0.6145241997658826,-0.6140015442327916,0.0005226555330909433
3.4599999999999485,-0.6162080217828115,-0.6156799033140322,0.000528118468779315
3.4649999999999483,-0.617875657721615,-0.617342084685706,0.0005335730359090629
3.4699999999999482,-0.6195270697960298,-0.6189880507122804,0.0005390190837494258
3.474999999999948,-0.6211622206058656,-0.6206177641440592,0.0005444564618063419
3.479999999999948,-0.6227810731380379,-0.6222311881182127,0.0005498850198252248
3.484999999999948,-0.6243835907675902,-0.6238282861597954,0.0005553046077948487
3.489999999999948,-0.6259697372587063,-0.6254090221827543,0.0005607150759520119
3.4949999999999477,-0.6275394767657125,-0.6269733604909276,0.000566116274784978
3.4999999999999476,-0.6290927738340694,-0.6285212657790327,0.0005715080550366958
3.5049999999999475,-0.630629593401353,-0.6300527031336431,0.0005768902677099064
3.5099999999999474,-0.632149900798227,-0.6315676380341569,0.0005822627640700295
3.5149999999999473,-0.6336536617494024,-0.633066036353753,0.0005876253956493827
3.519999999999947,-0.6351408423745895,-0.6345478643603385,0.0005929780142509555
3.524999999999947,-0.6366114091894373,-0.6360130887174853,0.000598320471951963
3.529999999999947,-0.6380653291064637,-0.6374616764853556,0.000603652621108175
3.534999999999947,-0.6395025694359755,-0.638893595121618,0.0006089743143574688
3.5399999999999467,-0.6409230978869767,-0.6403088124823533,0.0006142854046233825
3.5449999999999466,-0.6423268825680679,-0.641707296822949,0.0006195857451188891
3.5499999999999465,-0.6437138919883345,-0.6430890167989836,0.0006248751893509485
3.5549999999999464,-0.6450840950582243,-0.644453941467101,0.0006301535911232836
3.5599999999999463,-0.6464374610904149,-0.6458020402858741,0.0006354208045408205
3.564999999999946,-0.6477739598006707,-0.6471332831166577,0.0006406766840129086
3.569999999999946,-0.6490935613086888,-0.6484476402244311,0.0006459210842576502
3.574999999999946,-0.6503962361389352,-0.6497450822786301,0.0006511538603050093
3.579999999999946,-0.6516819552214697,-0.6510255803539688,0.0006563748675008085
3.584999999999946,-0.6529506898927606,-0.6522891059312498,0.0006615839615108365
3.5899999999999457,-0.6542024118964888,-0.653535630898165,0.0006667809983237349
3.5949999999999456,-0.6554370933843409,-0.6547651275500856,0.000671965834255217
3.5999999999999455,-0.6566547069167923,-0.6559775685908403,0.0006771383259519537
3.6049999999999454,-0.6578552254638792,-0.6571729271334844,0.0006822983303947927
3.6099999999999453,-0.6590386224059599,-0.6583511767010578,0.0006874457049020899
3.614999999999945,-0.6602048715344656,-0.6595122912273309,0.0006925803071347048
3.619999999999945,-0.6613539470526405,-0.6606562450575426,0.000697701995097888
3.624999999999945,-0.6624858235762712,-0.6617830129491247,0.0007028106271464996
3.629999999999945,-0.6636004761344051,-0.6628925700724173,0.0007079060619877842
3.6349999999999447,-0.6646978801700584,-0.6639848920113737,0.000712988158684702
3.6399999999999446,-0.665778011540913,-0.6650599547642526,0.0007180567766603696
3.6449999999999445,-0.666840846520003,-0.6661177347443017,0.0007231117757012795
3.6499999999999444,-0.6678863617963899,-0.6671582087804295,0.0007281530159604088
3.6549999999999443,-0.6689145344758278,-0.668181354117866,0.0007331803579617713
3.659999999999944,-0.6699253420814166,-0.6691871484188138,0.0007381936626028596
3.664999999999944,-0.6709187625542455,-0.6701755697630863,0.0007431927911591973
3.669999999999944,-0.6718947742540249,-0.6711465966487374,0.0007481776052874478
3.674999999999944,-0.6728533559597077,-0.6721002079926794,0.0007531479670283003
3.6799999999999438,-0.6737944868701,-0.6730363831312887,0.0007581037388113554
3.6849999999999437,-0.6747181466044602,-0.6739551018210027,0.0007630447834574561
3.6899999999999435,-0.6756243152030877,-0.6748563442389048,0.0007679709641829069
3.6949999999999434,-0.6765129731279009,-0.6757400909832987,0.0007728821446022494
3.6999999999999433,-0.6773841012630035,-0.6766063230742713,0.0007777781887322588
3.7049999999999432,-0.6782376809152407,-0.6774550219542451,0.0007826589609956081
3.709999999999943,-0.6790736938147437,-0.6782861694885198,0.0007875243262238651
3.714999999999943,-0.6798921221154636,-0.6790997479658031,0.0007923741496604908
3.719999999999943,-0.6806929483956946,-0.679895740098729,0.0007972082969656125
3.724999999999943,-0.6814761556585857,-0.6806741290243675,0.0008020266342181337
3.7299999999999427,-0.6822417273326414,-0.6814348983047215,0.000806829027919953
3.7349999999999426,-0.6829896472722121,-0.6821780319272134,0.0008116153449987396
3.7399999999999425,-0.6837198997579723,-0.6829035143051603,0.0008163854528120407
3.7449999999999424,-0.684432469497389,-0.6836113302782393,0.0008211392191497247
3.7499999999999423,-0.6851273416251781,-0.6843014651129399,0.0008258765122381995
3.754999999999942,-0.6858045017037502,-0.6849739045030068,0.0008305972007434104
3.759999999999942,-0.6864639357236454,-0.6856286345698717,0.0008353011537737265
3.764999999999942,-0.6871056301039569,-0.6862656418630727,0.0008399882408841597
3.769999999999942,-0.6877295716927433,-0.6868849133606643,0.0008446583320790291
3.7749999999999417,-0.6883357477674302,-0.6874864364696149,0.0008493112978152917
3.7799999999999416,-0.6889241460352005,-0.6880701990261942,0.0008539470090063173
3.7849999999999415,-0.6894947546333733,-0.6886361892963492,0.0008585653370241086
3.7899999999999414,-0.6900475621297727,-0.6891843959760688,0.0008631661537038537
3.7949999999999413,-0.6905825575230841,-0.6897148081917378,0.000867749331346257
3.799999999999941,-0.6910997302432004,-0.6902274155004792,0.000872314742721203
3.804999999999941,-0.6915990701515566,-0.6907222078904859,0.0008768622610707544
3.809999999999941,-0.6920805675414536,-0.6911991757813414,0.0008813917601122601
3.814999999999941,-0.6925442131383704,-0.6916583100243283,0.0008859031140421303
3.8199999999999408,-0.6929899981002653,-0.6920996019027269,0.0008903961975383901
3.8249999999999407,-0.6934179140178663,-0.6925230431321027,0.0008948708857636767
3.8299999999999406,-0.69382795291495,-0.6929286258605806,0.0008993270543694587
3.8349999999999405,-0.6942201072486092,-0.6933163426691114,0.0009037645794978122
3.8399999999999403,-0.6945943699095096,-0.6936861865717238,0.0009081833377858617
3.8449999999999402,-0.6949507342221355,-0.6940381510157677,0.0009125832063677786
3.84999999999994,-0.6952891939450235,-0.6943722298821451,0.0009169640628784448
3.85499999999994,-0.6956097432709861,-0.6946884174855297,0.0009213257854564505
3.85999999999994,-0.6959123768273233,-0.6949867085745759,0.0009256682527474247
3.86499999999994,-0.6961970896760233,-0.695267098332117,0.0009299913439063667
3.8699999999999397,-0.6964638773139521,-0.6955295823753506,0.000934294938601532
3.8749999999999396,-0.6967127356730316,-0.6957741567560146,0.0009385789170169856
3.8799999999999395,-0.6969436611204066,-0.696000817960551,0.0009428431598555997
3.8849999999999394,-0.6971566504586011,-0.696209562910259,0.0009470875483420516
3.8899999999999393,-0.6973517009256623,-0.6964003889614363,0.0009513119642260426
3.894999999999939,-0.6975288101952949,-0.6965732939055091,0.0009555162897857405
3.899999999999939,-0.6976879763769822,-0.696728275969153,0.0009597004078292226
3.904999999999939,-0.6978291980160982,-0.6968653338143994,0.0009638642016988053
3.909999999999939,-0.6979524740940067,-0.6969844665387331,0.0009680075552735978
3.9149999999999388,-0.6980578040281503,-0.6970856736751782,0.000972130352972167
3.9199999999999386,-0.6981451876721274,-0.6971689551923718,0.0009762324797556454
3.9249999999999385,-0.6982146253157585,-0.6972343114946277,0.0009803138211308404
3.9299999999999384,-0.6982661176851414,-0.6972817434219889,0.0009843742631524544
3.9349999999999383,-0.6982996659426941,-0.6973112522502672,0.0009884136924268594
3.939999999999938,-0.6983152716871885,-0.6973228396910744,0.000992431996114096
3.944999999999938,-0.6983129369537706,-0.6973165078918396,0.0009964290619309812
3.949999999999938,-0.6982926642139711,-0.6972922594358169,0.001000404778154218
3.954999999999938,-0.6982544563757039,-0.6972500973420809,0.001004359033623059
3.959999999999938,-0.6981983167832544,-0.6971900250655129,0.0010082917177415274
3.9649999999999377,-0.698124249217255,-0.6971120464967729,0.0010122027204820805
3.9699999999999376,-0.6980322578946511,-0.697016165962263,0.0010160919323880524
3.9749999999999375,-0.6979223474686544,-0.6969023882240787,0.0010199592445757633
3.9799999999999374,-0.6977945230286867,-0.6967707184799483,0.001023804548738405
3.9849999999999373,-0.6976487901003102,-0.6966211623631626,0.0010276277371475961
3.989999999999937,-0.6974851546451492,-0.6964537259424921,0.0010314287026570446
3.994999999999937,-0.6973036230607981,-0.6962684157220935,0.0010352073387045468
3.999999999999937,-0.6971042021807203,-0.6960652386414057,0.0010389635393146524
4.004999999999937,-0.696886899274135,-0.695844202075033,0.001042697199102105
4.009999999999937,-0.6966517220458923,-0.6956053138326187,0.0010464082132736197
4.014999999999937,-0.6963986786363379,-0.6953485821587071,0.0010500964776307686
4.0199999999999365,-0.6961277776211665,-0.6950740157325939,0.0010537618885726463
4.024999999999936,-0.6958390280112642,-0.6947816236681655,0.0010574043430986446
4.029999999999936,-0.6955324392525388,-0.6944714155137282,0.0010610237388106736
4.034999999999936,-0.6952080212257402,-0.6941434012518244,0.0010646199739158257
4.039999999999936,-0.6948657842462688,-0.69379759129904,0.0010681929472288187
4.044999999999936,-0.6945057390639728,-0.6934339965057978,0.0010717425581749929
4.049999999999936,-0.6941278968629353,-0.693052628156143,0.0010752687067923095
4.054999999999936,-0.6937322692612488,-0.6926534979675147,0.0010787712937340155
4.059999999999936,-0.6933188683107795,-0.6922366180905083,0.001082250220271197
4.0649999999999356,-0.6928877064969207,-0.6918020011086257,0.0010857053882949996
4.0699999999999354,-0.6924387967383341,-0.6913496600380148,0.001089136700319293
4.074999999999935,-0.6919721523866811,-0.6908796083271982,0.0010925440594828917
4.079999999999935,-0.6914877872263423,-0.6903918598567897,0.0010959273695525518
4.084999999999935,-0.690985715474126,-0.6898864289392014,0.0010992865349246372
4.089999999999935,-0.690465951778966,-0.6893633303183382,0.001102621460627784
4.094999999999935,-0.6899285112216077,-0.6888225791692824,0.0011059320523253424
4.099999999999935,-0.6893734093142839,-0.6882641910979664,0.0011092182163174868
4.104999999999935,-0.6888006620003791,-0.687688182140835,0.0011124798595441021
4.109999999999935,-0.6882102856540825,-0.6870945687644963,0.0011157168895862268
4.1149999999999345,-0.6876022970800305,-0.6864833678653615,0.001118929214669051
4.119999999999934,-0.6869767135129382,-0.6858545967692738,0.0011221167436643587
4.124999999999934,-0.6863335526172193,-0.6852082732311277,0.0011252793860916377
4.129999999999934,-0.6856728324865955,-0.6845444154344739,0.001128417052121633
4.134999999999934,-0.6849945716436949,-0.683863041991117,0.0011315296525779006
4.139999999999934,-0.6842987890396391,-0.6831641719407,0.001134617098939139
4.144999999999934,-0.6835855040536197,-0.6824478247502782,0.0011376793033415211
4.149999999999934,-0.6828547364924635,-0.6817140203138831,0.0011407161785804698
4.154999999999934,-0.6821065065901872,-0.6809627789520738,0.0011437276381134343
4.1599999999999335,-0.6813408350075408,-0.6801941214114794,0.0011467135960614439
4.164999999999933,-0.6805577428315401,-0.6794080688643283,0.0011496739672118839
4.169999999999933,-0.6797572515749886,-0.678604642907969,0.0011526086670196056
4.174999999999933,-0.678939383175988,-0.6777838655643779,0.0011555176116101462
4.179999999999933,-0.6781041599974387,-0.6769457592796575,0.0011584007177811717
4.184999999999933,-0.6772516048265281,-0.6760903469235234,0.0011612579030046977
4.189999999999933,-0.6763817408742097,-0.6752176517887808,0.0011640890854288655
4.194999999999933,-0.6754945917746696,-0.674327697590789,0.0011668941838806068
4.199999999999933,-0.6745901815847839,-0.6734205084669173,0.001169673117866643
4.204999999999933,-0.6736685347835638,-0.6724961089759873,0.0011724258075764826
4.2099999999999325,-0.672729676271591,-0.671554524097707,0.0011751521738839754
4.214999999999932,-0.6717736313704417,-0.6705957792320926,0.0011778521383490892
4.219999999999932,-0.6708004258221002,-0.6696199001988798,0.001180525623220352
4.224999999999932,-0.6698100857883615,-0.6686269132369258,0.0011831725514357405
4.229999999999932,-0.6688026378502234,-0.6676168450035973,0.0011857928466261214
4.234999999999932,-0.6677781090072675,-0.6665897225741517,0.0011883864331158067
4.239999999999932,-0.6667365266770301,-0.6655455734411049,0.0011909532359252184
4.244999999999932,-0.6656779186943618,-0.6644844255135898,0.0011934931807719984
4.249999999999932,-0.664602313310777,-0.6634063071167033,0.0011960061940736733
4.2549999999999315,-0.6635097391937924,-0.6623112469908438,0.0011984922029486533
4.259999999999931,-0.6624002254262549,-0.6611992742910362,0.0012009511352186752
4.264999999999931,-0.6612738015056591,-0.6600704185862484,0.0012033829194106893
4.269999999999931,-0.6601304973434539,-0.6589247098586961,0.0012057874847577477
4.274999999999931,-0.6589703432643389,-0.6577621785031378,0.0012081647612011137
4.279999999999931,-0.6577933700055499,-0.6565828553261571,0.0012105146793928157
4.284999999999931,-0.6565996087161343,-0.6553867715454382,0.0012128371706960905
4.289999999999931,-0.6553890909562152,-0.6541739587890274,0.0012151321671878268
4.294999999999931,-0.6541618486962459,-0.6529444490945858,0.0012173996016601185
4.2999999999999305,-0.6529179143162538,-0.6516982749086321,0.0012196394076217087
4.30499999999993,-0.6516573206050728,-0.6504354690857729,0.001221851519299877
4.30999999999993,-0.6503801007595666,-0.6491560648879248,0.001224035871641882
4.31499999999993,-0.6490862883838413,-0.6478600959835248,0.001226192400316517
4.31999999999993,-0.6477759174884467,-0.6465475964467308,0.0012283210417158852
4.32499999999993,-0.6464490224895681,-0.6452186007566113,0.0012304217329568434
4.32999999999993,-0.6451056382082081,-0.6438731437963257,0.0012324944118824455
4.33499999999993,-0.6437457998693564,-0.6425112608522929,0.0012345390170634962
4.33999999999993,-0.6423695431011516,-0.641132987613351,0.0012365554878005502
4.34499999999993,-0.6409769039340304,-0.6397383601699062,0.0012385437641242447
4.3499999999999295,-0.6395679187998686,-0.6383274150130704,0.001240503786798186
4.354999999999929,-0.6381426245311103,-0.6369001890337912,0.001242435497319061
4.359999999999929,-0.6367010583598876,-0.6354567195219682,0.001244338837919301
4.364999999999929,-0.6352432579171301,-0.6339970441655627,0.0012462137515674154
4.369999999999929,-0.6337692612316642,-0.6325212010496943,0.0012480601819698789
4.374999999999929,-0.632279106729302,-0.6310292286557292,0.0012498780735727966
4.379999999999929,-0.6307728332319202,-0.6295211658603579,0.0012516673715623483
4.384999999999929,-0.6292504799565294,-0.6279970519346618,0.0012534280218675642
4.389999999999929,-0.6277120865143322,-0.6264569265431724,0.0012551599711597694
4.3949999999999285,-0.6261576929097724,-0.6249008297429167,0.0012568631668556929
4.399999999999928,-0.6245873395395738,-0.6233288019824562,0.0012585375571175783
4.404999999999928,-0.6230010671917684,-0.6217408841009137,0.0012601830908547385
4.409999999999928,-0.6213989170447155,-0.6201371173269904,0.0012617997177251095
4.414999999999928,-0.6197809306661104,-0.6185175432779746,0.001263387388135806
4.419999999999928,-0.6181471500119833,-0.6168822039587382,0.0012649460532451196
4.424999999999928,-0.6164976174256881,-0.6152311417607248,0.0012664756649632958
4.429999999999928,-0.6148323756368816,-0.6135643994609282,0.0012679761759534225
4.434999999999928,-0.6131514677604929,-0.6118820202208598,0.001269447539633095
4.439999999999928,-0.6114549372956822,-0.6101840475855069,0.0012708897101753047
4.4449999999999275,-0.6097428281247912,-0.6084705254822819,0.0012723026425093265
4.449999999999927,-0.6080151845122823,-0.60674149821996,0.0012736862923222736
4.454999999999927,-0.6062720511036693,-0.6049970104876096,0.0012750406160597638
4.459999999999927,-0.6045134729244376,-0.6032371073535104,0.0012763655709271404
4.464999999999927,-0.6027394953789544,-0.6014618342640636,0.0012776611148908046
4.469999999999927,-0.6009501642493706,-0.5996712370426924,0.0012789272066782154
4.474999999999927,-0.5991455256945118,-0.5978653618887318,0.0012801638057799991
4.479999999999927,-0.5973256262487603,-0.5960442553763095,0.0012813708724508377
4.484999999999927,-0.5954905128209271,-0.594207964453218,0.0012825483677091354
4.4899999999999265,-0.5936402326931152,-0.5923565364397754,0.0012836962533397944
4.494999999999926,-0.591774833519572,-0.5904900190276785,0.001284814491893549
4.499999999999926,-0.5898943633255341,-0.5886084602788451,0.0012859030466890742
4.504999999999926,-0.5879988705060607,-0.5867119086242479,0.0012869618818127648
4.509999999999926,-0.5860884038248589,-0.5848004128627384,0.001287990962120511
4.514999999999926,-0.5841630124130993,-0.5828740221598613,0.0012889902532380315
4.519999999999926,-0.5822227457682217,-0.58093278604666,0.001289959721561762
4.524999999999926,-0.5802676537527325,-0.5789767544184727,0.001290899334259743
4.529999999999926,-0.5782977865929916,-0.5770059775337191,0.0012918090592725084
4.5349999999999255,-0.576313194877991,-0.5750205060126775,0.0012926888653135293
4.539999999999925,-0.574313929558124,-0.5730203908362541,0.0012935387218698802
4.544999999999925,-0.5723000419439443,-0.5710056833447407,0.0012943585992036821
4.549999999999925,-0.5702715837049175,-0.5689764352365656,0.001295148468351881
4.554999999999925,-0.5682286068681617,-0.5669326985670341,0.0012959083011275796
4.559999999999925,-0.5661711638171807,-0.5648745257470604,0.0012966380701202596
4.564999999999925,-0.5640993072905869,-0.5628019695418899,0.0012973377486970028
4.569999999999925,-0.5620130903808156,-0.5607150830698134,0.0012980073110021584
4.574999999999925,-0.5599125665328303,-0.558613919800871,0.0012986467319592299
4.579999999999925,-0.5577977895428188,-0.5564985335555486,0.0012992559872702092
4.5849999999999245,-0.5556688135568809,-0.5543689785034642,0.001299835053416687
4.589999999999924,-0.5535256930697066,-0.5522253091620458,0.0013003839076607404
4.594999999999924,-0.5513684829232456,-0.5500675803952009,0.0013009025280447117
4.599999999999924,-0.5491972383053682,-0.5478958474119757,0.001301390893392429
4.604999999999924,-0.5470120147485169,-0.5457101657652079,0.0013018489833089841
4.609999999999924,-0.5448128681283502,-0.5435105913501683,0.0013022767781818434
4.614999999999924,-0.542599854662376,-0.541297180403195,0.0013026742591810692
4.619999999999924,-0.5403730309085782,-0.539069989500319,0.001303041408259209
4.624999999999924,-0.5381324537640333,-0.5368290755558806,0.001303378208152739
4.6299999999999235,-0.5358781804635186,-0.534574495821137,0.0013036846423816195
4.634999999999923,-0.5336102685781128,-0.5323063078828628,0.0013039606952499616
4.639999999999923,-0.531328776013786,-0.53002456966194,0.0013042063518460267
4.644999999999923,-0.5290337610099838,-0.5277293394119402,0.0013044215980435592
4.649999999999923,-0.5267252821382002,-0.5254206757176996,0.0013046064205006758
4.654999999999923,-0.5244033983005446,-0.5230986374938833,0.0013047608066613092
4.659999999999923,-0.5220681687282981,-0.5207632839835434,0.001304884744754653
4.664999999999923,-0.5197196529804631,-0.5184146747566669,0.0013049782237961605
4.669999999999923,-0.5173579109423039,-0.5160528697087167,0.001305041233587212
4.6749999999999226,-0.5149830028238787,-0.5136779290591632,0.0013050737647154476
4.6799999999999224,-0.5125949891585639,-0.511289913350009,0.0013050758085549896
4.684999999999922,-0.5101939308015702,-0.5088888834443035,0.0013050473572666643
4.689999999999922,-0.5077798889284494,-0.5064749005246512,0.001304988403798224
4.694999999999922,-0.505352925033595,-0.5040480260917106,0.001304898941884347
4.699999999999922,-0.5029131009287325,-0.501608321962686,0.001304778966046527
4.704999999999922,-0.5004604787414038,-0.49915585026981035,0.0013046284715934053
4.709999999999922,-0.49799512091344117,-0.49669067345882006,0.001304447454621105
4.714999999999922,-0.49551709019943574,-0.4942128542874231,0.001304235912012619
4.719999999999922,-0.4930264496651961,-0.4917224558237575,0.0013039938414385888
4.7249999999999215,-0.4905232626861998,-0.4892195414448431,0.0013037212413566923
4.729999999999921,-0.48800759294603685,-0.4867041748350251,0.001303418111011756
4.734999999999921,-0.4854795044348455,-0.48417641998440925,0.0013030844504362538
4.739999999999921,-0.48293906144774,-0.48163634118729054,0.0013027202604494748
4.744999999999921,-0.48038632858323066,-0.4790840030405727,0.0013023255426579672
4.749999999999921,-0.4778213707416362,-0.47651947044218096,0.0013019002994552609
4.754999999999921,-0.47524425312348856,-0.47394280858946686,0.0013014445340217007
4.759999999999921,-0.4726550412279298,-0.47135408297760517,0.001300958250324613
4.764999999999921,-0.4700538008511016,-0.4687533593979838,0.0013004414531178066
4.7699999999999205,-0.4674405980845272,-0.4661407039365856,0.001299894147941627
4.77499999999992,-0.46481549931348576,-0.4635161829723631,0.0012993163411226805
4.77999999999992,-0.46217857121537903,-0.4608798631756056,0.001298708039773444
4.78499999999992,-0.45952988075809115,-0.4582318115062986,0.001298069251792544
4.78999999999992,-0.45686949519834047,-0.4555720952124765,0.0012973999858639784
4.79499999999992,-0.45419748208002425,-0.45290078182856724,0.0012967002514570058
4.79999999999992,-0.45151390923255624,-0.4502179391737301,0.0012959700588261458
4.80499999999992,-0.44881884476919665,-0.44752363535018624,0.0012952094190104013
4.80999999999992,-0.446112357085375,-0.44481793874154185,0.001294418343833148
4.81499999999992,-0.4433945148570061,-0.44210091801110396,0.001293596845902134
4.8199999999999195,-0.4406653870387983,-0.43937264210018995,0.00129274493860837
4.824999999999919,-0.43792504286255535,-0.43663318022642894,0.0012918626361264063
4.829999999999919,-0.43517355183547035,-0.4338826018820568,0.001290949953413556
4.834999999999919,-0.43241098373841363,-0.4311209768322039,0.0012900069062097286
4.839999999999919,-0.4296374086242129,-0.4283483751131764,0.0012890335110364859
4.844999999999919,-0.426852896815927,-0.4255648670307295,0.0012880297851974865
4.849999999999919,-0.42405751890511223,-0.42277052315833535,0.0012869957467768756
4.854999999999919,-0.42125134575008255,-0.4199654143354427,0.0012859314146398404
4.859999999999919,-0.4184344484741623,-0.4171496116657311,0.0012848368084311668
4.8649999999999185,-0.41560689846393256,-0.414323186515357,0.0012837119485755721
4.869999999999918,-0.4127687673674708,-0.41148621051119466,0.0012825568562761513
4.874999999999918,-0.40992012709258374,-0.4086387555390688,0.0012813715535149317
4.879999999999918,-0.40706104980503355,-0.4057808937419823,0.0012801560630512632
4.884999999999918,-0.4041916079267577,-0.40291269751833597,0.0012789104084217073
4.889999999999918,-0.40131187413408204,-0.40003423952014266,0.0012776346139393713
4.894999999999918,-0.39842192135592774,-0.3971455926512345,0.0012763287046932414
4.899999999999918,-0.39552182277201137,-0.3942468300654641,0.00127499270654724
4.904999999999918,-0.39261165181103885,-0.3913380251648991,0.0012736266461397805
4.9099999999999175,-0.38969148214889304,-0.38841925159800994,0.0012722305508831022
4.914999999999917,-0.3867613877068151,-0.3854905832578528,0.001270804448962326
4.919999999999917,-0.38382144264957935,-0.3825520942802444,0.001269348369334955
4.924999999999917,-0.38087172138366204,-0.3796038590419325,0.001267862341729542
4.929999999999917,-0.3779122985554043,-0.3766459521587585,0.001266346396645801
4.934999999999917,-0.3749432490491684,-0.37367844848381554,0.001264800565352886
4.939999999999917,-0.3719646479854884,-0.3707014231055992,0.0012632248798891688
4.944999999999917,-0.36897657071921436,-0.3677149513461533,0.0012616193730610736
4.949999999999917,-0.36597909283765123,-0.3647191087592089,0.0012599840784423555
4.954999999999917,-0.36297229015869115,-0.361713971128318,0.0012583190303731562
4.9599999999999165,-0.3599562387289401,-0.3586996144649813,0.0012566242639588387
4.964999999999916,-0.35693101482183903,-0.35567611500676927,0.0012548998150697654
4.969999999999916,-0.35389669493577863,-0.3526435492154392,0.0012531457203394103
4.974999999999916,-0.35085335579220894,-0.34960199377504475,0.0012513620171641926
4.979999999999916,-0.34780107433374285,-0.34655152559004077,0.0012495487437020891
4.984999999999916,-0.34473992772225426,-0.3434922217833827,0.0012477059388715794
4.989999999999916,-0.3416699933369704,-0.34042415969461964,0.0012458336423507577
4.994999999999916,-0.3385913487725588,-0.33734741687798214,0.0012439318945766664
4.999999999999916,-0.3355040718372087,-0.3342620711004655,0.0012420007367431873
